"","society_id","lat","long","hc7.cluster"
"1","Aa1",-20,21,1
"2","Aa2",0,36,1
"3","Aa3",-26,18,2
"4","Aa4",-22,16,1
"5","Aa5",2,28,3
"6","Aa6",-5,36,4
"7","Aa7",-20,24,1
"8","Aa8",-30,23,1
"9","Aa9",-3,35,1
"10","Ab1",-21,16,2
"11","Ab10",-31,30,4
"12","Ab11",-32.89,27.91,4
"13","Ab12",-29,31,4
"14","Ab13",-24,27,4
"15","Ab14",-24,31,4
"16","Ab15",-25,30,4
"17","Ab16",-25,34,4
"18","Ab17",-20,34,5
"19","Ab18",-19,31,4
"20","Ab19",-17,16,4
"21","Ab2",-27,32,4
"22","Ab20",-15,15,4
"23","Ab21a",-10,14,4
"24","Ab21b",-32,28,4
"25","Ab22",-24.76,34.47,4
"26","Ab3",-15,23,4
"27","Ab4",-24,32,4
"28","Ab5",-12,16,4
"29","Ab6",-23,30,4
"30","Ab7",-15,14,4
"31","Ab8",-29,28,4
"32","Ab9",-20,28,4
"33","Ac1",-16,27,4
"34","Ac10",-14,33,4
"35","Ac11",-12,22,5
"36","Ac12",-10,21,4
"37","Ac13",-12,34,5
"38","Ac14",-7,15,4
"39","Ac15",-5,18,5
"40","Ac16",-1,12,4
"41","Ac17",-6,18,4
"42","Ac18",-5,14,4
"43","Ac19",-3,15,4
"44","Ac2",-6,20,4
"45","Ac20",-7,17,4
"46","Ac21",-5,19,4
"47","Ac22",-4,20,4
"48","Ac23",-5,21,4
"49","Ac24",-3,18,5
"50","Ac25",-5,18,4
"51","Ac26",-4,18,6
"52","Ac27",-13,23,4
"53","Ac28",-12,18,5
"54","Ac29",-7,19,4
"55","Ac3",-11,31,4
"56","Ac30",-18,28,4
"57","Ac31",-7,28,4
"58","Ac32",-13,26,6
"59","Ac33",-15,31,5
"60","Ac34",-10,29,5
"61","Ac35",-10,28,5
"62","Ac36",-12,34,4
"63","Ac37",-15,32,4
"64","Ac38",-16,36,5
"65","Ac39",-13,35,5
"66","Ac4",-5,22,5
"67","Ac40",-18,35,4
"68","Ac41",-11,40,4
"69","Ac42",-15,39,4
"70","Ac43",9,32,4
"71","Ac5",-13,28,6
"72","Ac6",-11,26,4
"73","Ac7",-13,36,5
"74","Ac8",-5,13,6
"75","Ac9",-12,33,5
"76","Ad1",-2,41,5
"77","Ad10",-5,38,4
"78","Ad11",-9,36,4
"79","Ad12",-1,35,4
"80","Ad13",-3,30,4
"81","Ad14",-8,38,4
"82","Ad15",-10,32,4
"83","Ad16",-10,34,4
"84","Ad17",-8,33,4
"85","Ad18",-7,31,6
"86","Ad19",-8,31,5
"87","Ad2",2,32,4
"88","Ad20",-5,33,4
"89","Ad21",-7,31,5
"90","Ad22",-3,34,4
"91","Ad23",-8,34,2
"92","Ad24",-7,36,4
"93","Ad25",-5,36,4
"94","Ad26",-5,34,4
"95","Ad27",-7,39,4
"96","Ad28",-5.84,38.79,4
"97","Ad29",-6.07,39.43,5
"98","Ad3",-3,37,4
"99","Ad30",-4,39,5
"100","Ad31",-4,39,4
"101","Ad32",-3,40,4
"102","Ad33",-1,40,5
"103","Ad34",-2,38,4
"104","Ad35",0,35,4
"105","Ad36",-4,38,4
"106","Ad37",-4,39,4
"107","Ad38",-2,33,5
"108","Ad39",-3,36,4
"109","Ad4",-1,37,4
"110","Ad40",0,35,4
"111","Ad41",1,35,4
"112","Ad42",-1,32,5
"113","Ad43",-3,33,5
"114","Ad44",-1,30,5
"115","Ad45",0,31,4
"116","Ad46",1,33,5
"117","Ad47",-4,32,4
"118","Ad48",1,31,4
"119","Ad49",-3,31,4
"120","Ad5",-4,36,4
"121","Ad50",-6,37,4
"122","Ad51",-6,38,4
"123","Ad6",-9,34,4
"124","Ad7",1,32,4
"125","Ad8",-8,35,4
"126","Ad9",1,34,4
"127","Ae1",1,30,4
"128","Ae10",-2,30,4
"129","Ae11",-4,26,5
"130","Ae12",4,10,5
"131","Ae13",-2,29,4
"132","Ae14",-5,30,4
"133","Ae15",-2,28,4
"134","Ae16",-6,23,4
"135","Ae17",-3,28,6
"136","Ae18",-6,25,4
"137","Ae19",-11,28,4
"138","Ae2",4.22,9.27,4
"139","Ae20",-2,18,5
"140","Ae21",-3,23,6
"141","Ae22",-4,22,6
"142","Ae23",-1,23,5
"143","Ae24",1,22,4
"144","Ae25",-4,25,4
"145","Ae26",0,24,4
"146","Ae27",1,25,5
"147","Ae28",1,18,5
"148","Ae29",2,22,5
"149","Ae3",1,11,5
"150","Ae30",1,29,4
"151","Ae31",2,28,4
"152","Ae32",-1,27,6
"153","Ae33",1,27,4
"154","Ae34",1,30,4
"155","Ae35",0,28,4
"156","Ae36",1,23,4
"157","Ae37",3,23,5
"158","Ae38",2,21,4
"159","Ae39",2,20,6
"160","Ae4",0,20,5
"161","Ae40",3,14,4
"162","Ae41",1,14,4
"163","Ae42",3,11,5
"164","Ae43",2,16,4
"165","Ae44",3.54,8.72,4
"166","Ae45",10,9,4
"167","Ae46",-2,10,4
"168","Ae47",2,10,5
"169","Ae48",5,11,5
"170","Ae49",6,10,4
"171","Ae5",5,10,4
"172","Ae50",6,11,4
"173","Ae51",5,11,4
"174","Ae52",7,10,4
"175","Ae53",4,11,4
"176","Ae54",6,10,4
"177","Ae55",6,10,4
"178","Ae56",6,11,4
"179","Ae57",6,11,4
"180","Ae58",6,12,4
"181","Ae59",6,10,4
"182","Ae6",-8,26,6
"183","Ae7",3,25,4
"184","Ae8",-3,30,4
"185","Ae9",6,10,4
"186","Af1",7,2,4
"187","Af10",6,7,4
"188","Af11",11,-9,5
"189","Af12",7,-1,4
"190","Af13",8,7,5
"191","Af14",7.52,-12.69,5
"192","Af15",7,-9,4
"193","Af16",6,9,4
"194","Af17",6,9,4
"195","Af18",6,8,4
"196","Af19",5,8,5
"197","Af2",9,-10,4
"198","Af20",5,8,5
"199","Af21",4.37,6.58,5
"200","Af22",6,5,5
"201","Af23",6,8,5
"202","Af24",6,6,4
"203","Af25",5,6,5
"204","Af26",7,6,4
"205","Af27",8,8,5
"206","Af28",10,10,4
"207","Af29",7,8,4
"208","Af3",7,-2,5
"209","Af30",7,7,4
"210","Af31",18,8,4
"211","Af32",7,3,4
"212","Af33",8,5,5
"213","Af34",7,5,4
"214","Af35",6,0,4
"215","Af36",7,1,5
"216","Af37",7.22,0.46,4
"217","Af38",7.53,-2.15,4
"218","Af39",7,-4,4
"219","Af4",6,8,4
"220","Af40",5.27,-3.58,5
"221","Af41",6,-4,4
"222","Af42",6,-1,4
"223","Af43",6,0,5
"224","Af44",5.22,-4.42,7
"225","Af45",5.15,-5.25,5
"226","Af46",5,-7,4
"227","Af47",6,-8,4
"228","Af48",5,-9,5
"229","Af49",6,-9,5
"230","Af5",8,-11,5
"231","Af50",8,8,4
"232","Af51",7,-6,4
"233","Af52",7,-6,4
"234","Af53",8,-7,4
"235","Af54",8,-10,4
"236","Af55",7,-11,4
"237","Af56",7,-8,5
"238","Af57",8.46,-12.64,5
"239","Af58",6.89,-11.2,4
"240","Af6",8,4,4
"241","Af7",6,-7,4
"242","Af8",9,6,5
"243","Af9",8,-5,5
"244","Ag1",13,-7,4
"245","Ag10",10,0,4
"246","Ag11",10,-4,4
"247","Ag12",10,-1,4
"248","Ag13",11,-1,4
"249","Ag14",10,-14,5
"250","Ag15",12,-16,4
"251","Ag16",12,-16,5
"252","Ag17",12,-15,5
"253","Ag18",11.1,-16.15,4
"254","Ag19",12.88,-16.19,5
"255","Ag2",13,-2,4
"256","Ag20",12,-16,5
"257","Ag21",12,-13,4
"258","Ag22",14,-12,4
"259","Ag23",13,-11,4
"260","Ag24",9,-11,4
"261","Ag25",15,10,4
"262","Ag26",15,-13,4
"263","Ag27",9,-4,4
"264","Ag28",14,-4,4
"265","Ag29",13,-3,4
"266","Ag3",15,-3,4
"267","Ag30",13,-4,4
"268","Ag31",12,-6,4
"269","Ag32",10,-6,4
"270","Ag33",11,-3,4
"271","Ag34",11,-4,4
"272","Ag35",7,-3,4
"273","Ag36",11,-3,4
"274","Ag37",11,-2,4
"275","Ag38",11,-2,4
"276","Ag39",11,-3,4
"277","Ag4",11,-1,4
"278","Ag40",10,-2,4
"279","Ag41",11,0,4
"280","Ag42",12,-3,4
"281","Ag43",8,-2,4
"282","Ag44",9,0,4
"283","Ag45",12,2,4
"284","Ag46",10,-1,4
"285","Ag47",12,-2,4
"286","Ag48",9,1,4
"287","Ag49",10,2,4
"288","Ag5",10,-3,4
"289","Ag50",11,1,4
"290","Ag51",11,1,4
"291","Ag52",11,1,4
"292","Ag53",12,0,4
"293","Ag54",10,-12,4
"294","Ag6",11,-13,4
"295","Ag7",14,-5,5
"296","Ag8",13,-13,4
"297","Ag9",11,-9,4
"298","Ah1",10,8,4
"299","Ah10",10,9,4
"300","Ah11",8,8,4
"301","Ah12",8,7,4
"302","Ah13",12,5,4
"303","Ah14",11,6,4
"304","Ah15",11,5,5
"305","Ah16",9,9,4
"306","Ah17",10,9,4
"307","Ah18",10,10,4
"308","Ah19",10,8,4
"309","Ah2",8,10,4
"310","Ah20",10,8,4
"311","Ah21",10,9,4
"312","Ah22",9,10,4
"313","Ah23",8,11,4
"314","Ah24",7,10,4
"315","Ah25",17,11,4
"316","Ah26",7,11,4
"317","Ah27",7,11,4
"318","Ah28",8,11,4
"319","Ah29",8,11,4
"320","Ah3",7,9,4
"321","Ah30",10,12,4
"322","Ah31",9,12,4
"323","Ah32",9,13,4
"324","Ah33",10,12,4
"325","Ah34",10,13,4
"326","Ah35",10,12,4
"327","Ah36",10,13,4
"328","Ah37",10,13,4
"329","Ah38",11,14,4
"330","Ah39",11,14,4
"331","Ah4",7,12,4
"332","Ah5",11,13,4
"333","Ah6",10,8,4
"334","Ah7",11,14,4
"335","Ah8",6,12,4
"336","Ah9",10,9,4
"337","Ai1",7,22,4
"338","Ai10",12,31,4
"339","Ai11",3,28,4
"340","Ai12",10,14,4
"341","Ai13",8,16,5
"342","Ai14",7,14,6
"343","Ai15",10,14,4
"344","Ai16",9,13,4
"345","Ai17",10,14,4
"346","Ai18",12,15,5
"347","Ai19",11,15,5
"348","Ai2",11,31,4
"349","Ai20",10,15,5
"350","Ai21",11,17,4
"351","Ai22",9,18,4
"352","Ai23",3,19,4
"353","Ai24",6,18,4
"354","Ai25",4,21,5
"355","Ai26",4,22,5
"356","Ai27",4,27,4
"357","Ai28",2,26,4
"358","Ai29",2,30,4
"359","Ai3",5,27,4
"360","Ai30",2,29,5
"361","Ai31",3,30,4
"362","Ai32",3,32,4
"363","Ai33",4,32,5
"364","Ai34",5,30,4
"365","Ai35",7,29,4
"366","Ai36",8,28,4
"367","Ai37",12,31,4
"368","Ai38",10,30,4
"369","Ai39",11,30,4
"370","Ai4",11,34,4
"371","Ai40",11,30,4
"372","Ai41",11,30,4
"373","Ai42",12,29,4
"374","Ai43",12,29,4
"375","Ai44",8,34,5
"376","Ai45",10,34,4
"377","Ai46",9,35,5
"378","Ai47",9,35,4
"379","Ai5",3,29,4
"380","Ai6",10,32,4
"381","Ai7",6,16,4
"382","Ai8",12,30,4
"383","Ai9",10,16,5
"384","Aj1",2,34,4
"385","Aj10",3,32,4
"386","Aj11",9,29,2
"387","Aj12",4,33,4
"388","Aj13",4,31,4
"389","Aj14",4,31,4
"390","Aj15",4,32,4
"391","Aj16",6,31,5
"392","Aj17",2,31,5
"393","Aj18",5,35,2
"394","Aj19",4,34,4
"395","Aj2",-2,36,2
"396","Aj20",6,35,4
"397","Aj21",3,34,4
"398","Aj22",3,34,4
"399","Aj23",1,36,2
"400","Aj24",5,34,2
"401","Aj25",0,36,4
"402","Aj26",1,36,4
"403","Aj27",1,35,4
"404","Aj28",-5,35,2
"405","Aj29",1,37,2
"406","Aj3",8,32,4
"407","Aj30",2,34,2
"408","Aj31",5,33,4
"409","Aj4",2,33,4
"410","Aj5",4,35,4
"411","Aj6",-1,34,4
"412","Aj7",0,35,4
"413","Aj8",5,32,4
"414","Aj9",-1,36,4
"415","Ca1",6,37,4
"416","Ca10",10,43,2
"417","Ca11",8,40,2
"418","Ca12",8,37,4
"419","Ca13",9,37,4
"420","Ca14",5,38,4
"421","Ca15",6,38,4
"422","Ca16",7,38,4
"423","Ca17",5,37,4
"424","Ca18",5,37,4
"425","Ca19",6,36,2
"426","Ca2",8,48,2
"427","Ca20",5,36,2
"428","Ca21",5,36,2
"429","Ca22",6,37,4
"430","Ca23",6,37,4
"431","Ca24",6,36,4
"432","Ca25",6,37,4
"433","Ca26",6,37,4
"434","Ca27",9,35,4
"435","Ca28",6,37,4
"436","Ca29",8,38,4
"437","Ca3",14,39,4
"438","Ca30",7,36,4
"439","Ca31",12,37,4
"440","Ca32",16,38,4
"441","Ca33",15,37,4
"442","Ca34",24,34,2
"443","Ca35",20,36,2
"444","Ca36",18,38,2
"445","Ca37",16,36,2
"446","Ca38",17,39,2
"447","Ca39",8,37,4
"448","Ca4",-4,35,4
"449","Ca40",6,38,4
"450","Ca41",6,38,4
"451","Ca42",7,36,4
"452","Ca43",18,36,2
"453","Ca5",20,35,2
"454","Ca6",12,42,2
"455","Ca7",13,38,4
"456","Ca8",8,38,4
"457","Ca9",-4,36,4
"458","Cb1",12,10,4
"459","Cb10",12,11,4
"460","Cb11",16,27,2
"461","Cb12",13,32,2
"462","Cb13",11,25,2
"463","Cb14",11,20,4
"464","Cb15",11,28,2
"465","Cb16",13,15,2
"466","Cb17",12,24,4
"467","Cb18",14,14,4
"468","Cb19",12,13,4
"469","Cb2",15,-17,4
"470","Cb20",13,3,4
"471","Cb21",8,13,2
"472","Cb22",14,0,4
"473","Cb23",14.73,-14.32,4
"474","Cb24",12,12,2
"475","Cb25",14,8,4
"476","Cb26",11,8,4
"477","Cb27",10,12,4
"478","Cb28",10,12,4
"479","Cb29",12,10,4
"480","Cb3",17,-1,5
"481","Cb4",14,32,4
"482","Cb5",13,15,2
"483","Cb6",11,12,4
"484","Cb7",11,11,4
"485","Cb8",13,5,2
"486","Cb9",12,9,4
"487","Cc1",22,-13,2
"488","Cc10",18,8,2
"489","Cc11",25,10,2
"490","Cc12",20,2,2
"491","Cc13",16,0,4
"492","Cc14",17,18,4
"493","Cc15",31,-7,5
"494","Cc16",32,3,2
"495","Cc17",22,-15,2
"496","Cc18",19,-1,2
"497","Cc19",18,-15,2
"498","Cc2",21,17,4
"499","Cc20",18,-8,2
"500","Cc3",29,26,4
"501","Cc4",33,4,4
"502","Cc5",18,-3,2
"503","Cc6",17,31,2
"504","Cc7",20,-5,2
"505","Cc8",8,2,2
"506","Cc9",23,6,2
"507","Cd1",23,33,4
"508","Cd10",34,-2,4
"509","Cd11",27.99,-15.62,5
"510","Cd12",31,2,4
"511","Cd13",30,9,2
"512","Cd14",35,2,2
"513","Cd15",35,-5,4
"514","Cd16",33,-8,4
"515","Cd17",35,5,2
"516","Cd18",30,28,2
"517","Cd19",35,10.94,4
"518","Cd2",25,33,4
"519","Cd20",31,22,2
"520","Cd21",37,10,4
"521","Cd3",35,-4,4
"522","Cd4",36,4,4
"523","Cd5",30,-9,4
"524","Cd6",30,31,4
"525","Cd7",33,-7,4
"526","Cd8",36,7,4
"527","Cd9",28,-11,4
"528","Ce1",42,20,4
"529","Ce2",42,-7,4
"530","Ce3",42,12,5
"531","Ce4",43,-1,5
"532","Ce5",40.89,14.25,4
"533","Ce6",37,-6,4
"534","Ce7",39,23,4
"535","Ce8",43,-2,4
"536","Cf1",42,-73,4
"537","Cf2",-16,28,2
"538","Cf3",-37.11,-12.27,5
"539","Cf4",-23.68,-46.64,4
"540","Cf5",47,-72,4
"541","Cg1",53,7,4
"542","Cg2",64,-20,2
"543","Cg3",53,-9,4
"544","Cg4",68,22,2
"545","Cg5",50,5,4
"546","Ch1",44,20,4
"547","Ch10",45,26,4
"548","Ch11",53,41,4
"549","ch12",54,56,4
"550","ch13",58,52,4
"551","ch14",57,53,4
"552","ch15",53,50,4
"553","ch16",59,26,4
"554","ch17",45.44,29.32,4
"555","ch18",59,29,5
"556","ch19",64,33,5
"557","Ch2",49,24,4
"558","ch20",55,50,4
"559","ch21",57,24,4
"560","ch22",55,23,4
"561","ch23",55,24,4
"562","ch24",57,23,7
"563","ch25",47,29,4
"564","ch26",57,53,4
"565","ch27",61,35,4
"566","ch28",59,29,5
"567","Ch3",50,16,4
"568","Ch4",43,46,5
"569","Ch5",43,24,4
"570","Ch6",55,28,4
"571","Ch7",48,36,4
"572","Ch8",47,20,4
"573","Ch9",55,24,4
"574","Ci1",46,46,2
"575","Ci10",40,45,4
"576","Ci11",32,44,4
"577","Ci12",43,41,2
"578","Ci2",43,45,4
"579","Ci3",42,48,4
"580","Ci4",44,42,4
"581","Ci5",38,30,4
"582","Ci6",43,44,2
"583","Ci7",43,46,4
"584","Ci8",42,45,4
"585","Ci9",43,43,4
"586","Cj1",36,36,4
"587","Cj10",31,47,5
"588","Cj2",33,37,2
"589","Cj3",32,35,4
"590","Cj4",32,45,5
"591","Cj5",28,47,2
"592","Cj6",32,36,4
"593","Cj7",34,36,4
"594","Cj8",32.77,35.03,4
"595","Cj9",15,45,4
"596","Ea1",25,68,5
"597","Ea10",30,69,2
"598","Ea11",33,68,4
"599","Ea12",30,52,2
"600","Ea13",32,73,4
"601","Ea2",35,72,4
"602","Ea3",35,66,4
"603","Ea4",35,73,4
"604","Ea5",36,71,4
"605","Ea6",30,34,2
"606","Ea7",34,63,4
"607","Ea8",33,48,2
"608","Ea9",36,52,4
"609","Eb1",48,70,2
"610","Eb2",39,100,4
"611","Eb3",46,97,2
"612","Eb4",49,125,4
"613","Eb5",38,62,4
"614","Eb6",52,107,2
"615","Eb7",41,115,2
"616","Eb8",43,60,2
"617","Ec1",53,142,7
"618","Ec10",62,74,2
"619","Ec11",59,90,2
"620","ec12",72,90,3
"621","ec13",54.98,161.79,7
"622","ec14",64,173,7
"623","ec15",63,62,7
"624","ec16",55,112,1
"625","ec17",52,134,7
"626","ec18",50,136,7
"627","ec19",54.01,142.71,7
"628","Ec2",65,125,2
"629","ec20",51,138,7
"630","ec21",47,136,1
"631","Ec3",66,177,2
"632","Ec4",68,75,2
"633","Ec5",61.99,164.24,2
"634","Ec6",70,145,7
"635","Ec7",44,144,7
"636","Ec8",62,90,7
"637","Ec9",47,132,5
"638","Ed1",38.134147,126.960754,5
"639","Ed10",37,118,4
"640","Ed13",24.46,124.14,5
"641","Ed14",22,105,4
"642","Ed15a",24.79,125.32,4
"643","Ed15b",31,120,4
"644","Ed16",23,113,4
"645","Ed2",29,103,4
"646","Ed3",45,126,4
"647","Ed4",26,107,4
"648","Ed5",35,136,4
"649","Ed6",24,115,4
"650","Ed7",26.16,127.8,5
"651","Ed8",26,100,4
"652","Ed9",19,109,4
"653","Ee1",28,95,5
"654","Ee2",37,75,4
"655","Ee3",28,89,4
"656","Ee4",30,91,4
"657","Ee5",35,73,4
"658","Ee6",28,87,4
"659","Ee7",27,90,4
"660","Ee8",28,84,4
"661","Ef1",24,87,4
"662","Ef10",25,86,4
"663","Ef11",26,83,4
"664","Ef2",23,88,5
"665","Ef3",30,75,4
"666","Ef4",22,85,4
"667","Ef5",22,74,4
"668","Ef6",23,85,4
"669","Ef7",30,78,4
"670","Ef8",34,75,4
"671","Ef9",20,77,4
"672","Eg1",16,79,1
"673","Eg10",18,79,4
"674","Eg11",19,78,4
"675","Eg12",18,82,4
"676","Eg13",20,81,4
"677","Eg14",18,82,4
"678","Eg2",11,79,5
"679","Eg3",19,81,4
"680","Eg4",12,77,2
"681","Eg5",12,76,4
"682","Eg6",11,76,4
"683","Eg7",21,85,4
"684","Eg8",22,85,4
"685","Eg9",22,81,5
"686","Eh1",12,93,7
"687","Eh10",-22,47,4
"688","Eh2",-19,46,4
"689","Eh3",-22,47,5
"690","Eh4",8,81,1
"691","Eh5",9.17,92.77,5
"692","Eh6",7,80,4
"693","Eh7",-25,46,4
"694","Eh8",-21,43.93,4
"695","Eh9",-22.9,47.75,5
"696","Ei1",26,91,4
"697","Ei10",23,92,4
"698","Ei11",25,94,4
"699","Ei12",25,94,4
"700","Ei13",26,94,4
"701","Ei14",27,94,4
"702","Ei15",26,94,4
"703","Ei16",26,95,5
"704","Ei17",26,94,4
"705","Ei18",23,97,4
"706","Ei19",22,94,4
"707","Ei2",27,94,4
"708","Ei20",23,92,4
"709","Ei3",20,95,4
"710","Ei4",22,93,4
"711","Ei5",26,97,4
"712","Ei6",25,94,4
"713","Ei7",17.12,97.19,5
"714","Ei8",26,92,4
"715","Ei9",20.49,92.64,4
"716","Ej1",20,101,4
"717","Ej10",13,108,4
"718","Ej11",11,108,4
"719","Ej12",18,98,4
"720","Ej13",21,105,5
"721","Ej14",4,102,5
"722","Ej15",13,104,4
"723","Ej16",2.58,102.25,4
"724","Ej2",12,107,4
"725","Ej3",5,101,1
"726","Ej4",17,107,5
"727","Ej5",12,105,5
"728","Ej6",11.78,98.28,7
"729","Ej7",21,100,4
"730","Ej8",5,103,5
"731","Ej9",15,100,4
"732","Ia1",24,121,4
"733","Ia10",24,121,4
"734","Ia11",23,121,4
"735","Ia12",10.2,123.65,5
"736","Ia13",5.09,119.97,7
"737","Ia14",22.05,121.55,5
"738","Ia15",8,126,4
"739","Ia16",18,121,4
"740","Ia17",6,125,4
"741","Ia18",10,123,4
"742","Ia2",17,121,4
"743","Ia3",17,121,4
"744","Ia4",8,123,4
"745","Ia5",13,121,5
"746","Ia6",22.44,120.77,4
"747","Ia7",10,119,4
"748","Ia8",17,121,4
"749","Ia9",22.7,121.05,4
"750","Ib1",2,112,5
"751","Ib2",-7,110,4
"752","Ib3",-8.18,115.02,4
"753","Ib4",2,99,4
"754","Ib5",6,117,5
"755","Ib6",-1,101,4
"756","Ib7",-2.93,100.23,5
"757","Ib8",-3,103,6
"758","Ib9",3,115,4
"759","Ic1",-5.31,119.69,5
"760","Ic10",1,128,5
"761","Ic11",-3.71,128.18,5
"762","Ic12",-8.63,117.27,4
"763","Ic13",-9.66,119.07,4
"764","Ic2",-8.22,124.26,4
"765","Ic3",-9,126,4
"766","Ic4",-10.71,123.18,4
"767","Ic5",-2,121,4
"768","Ic6",-8.19,130.96,5
"769","Ic7",-8.33,122.85,5
"770","Ic8",-5.58,133.07,5
"771","Ic9",-10,120,4
"772","Id1",-24,134,1
"773","Id10",-22,132,1
"774","Id11",-12.29,134.32,1
"775","Id12",-15,142,1
"776","Id13",-13.99,136.6,7
"777","Id2",-12.48,135.96,1
"778","Id3",-11.56,130.81,1
"779","Id4",-28,138,1
"780","Id5",-21,118,1
"781","Id6",-14,142,1
"782","Id7",-14,130,1
"783","Id8",-42,146,1
"784","Id9",-32,146,7
"785","Ie1",-4,136,4
"786","Ie10",-9,147,5
"787","Ie11",-6,144,4
"788","Ie12",-4,142,6
"789","Ie13",-9,143,6
"790","Ie14",-9.91,144.06,5
"791","Ie15",-3.79,143.09,4
"792","Ie16",-6,143,6
"793","Ie17",-6,145,4
"794","Ie18",-7.52,138.46,4
"795","Ie19",-8,139,6
"796","Ie2",-6.15,146.53,4
"797","Ie20",-9,147,4
"798","Ie21",-10,149,5
"799","Ie22",-9,147,4
"800","Ie23",-6,141,4
"801","Ie24",-9,148,4
"802","Ie25",-8,147,4
"803","Ie26",-6,146,4
"804","Ie27",-4.56,144.34,4
"805","Ie28",-6.69,147.26,4
"806","Ie29",-4.08,145.03,5
"807","Ie3",-4,144,4
"808","Ie30",-4,135,7
"809","Ie31",-6,145,4
"810","Ie32",-6,147,5
"811","Ie33",-2,138,1
"812","Ie34",-2.34,139.6,1
"813","Ie35",-4,143,5
"814","Ie36",-3,140,1
"815","Ie37",-5,141,4
"816","Ie38",-4,139,4
"817","Ie39",-7.82,145.31,6
"818","Ie4",-3.24,144.1,5
"819","Ie5",-9,142,4
"820","Ie6",-2.14,137.23,6
"821","Ie7",-6,144,4
"822","Ie8",-7,145,6
"823","Ie9",-9,148,5
"824","If1",7.45,134.54,5
"825","If10",6.89,152.74,5
"826","If11",5.31,162.98,5
"827","If12",11.7,165.29,5
"828","If13",-0.53,166.92,5
"829","If14",3.38,172.99,5
"830","If15",15.21,145.76,5
"831","If16",7.46,146.38,5
"832","If17",6.28,169.49,5
"833","If2",7.34,151.6,5
"834","If3",7.09,171.13,5
"835","If4",7.25,144.46,5
"836","If5",6.88,158.22,5
"837","If6",9.55,138.13,5
"838","If7",-1.47,175.06,5
"839","If8",15.13,145.71,4
"840","If9",10.02,139.79,5
"841","Ig1",-6,155,4
"842","Ig10",-2,147,4
"843","Ig11",-11.36,154.14,6
"844","Ig12",-6.69,156.52,4
"845","Ig13",-1.74,142.85,5
"846","Ig14",-10.41,149.91,5
"847","Ig15",-5.42,150.05,5
"848","Ig16",-9.44,150.33,5
"849","Ig17",-4.67,149.53,5
"850","Ig18",-9,161,6
"851","Ig19",-10,151,5
"852","Ig2",-8.43,151.09,5
"853","Ig20",-9.49,159.82,5
"854","Ig21",-3.38,153.31,5
"855","Ig3",-5.6,154.91,5
"856","Ig4",-3.06,151.66,5
"857","Ig5",-10,151,5
"858","Ig6",-9.63,161.44,5
"859","Ig7",-5.5,150.81,5
"860","Ig8",-8,157,5
"861","Ig9",-2,147,7
"862","Ih1",-13.84,167.7,5
"863","Ih10",-19.6,169.44,5
"864","Ih11",-16.61,168.17,5
"865","Ih12",-18.85,169.16,5
"866","Ih13",-16.18,168.15,4
"867","Ih14",-17.81,178.32,5
"868","Ih2",-16.51,167.47,5
"869","Ih3",-15.95,168.22,5
"870","Ih4",-17.74,-179.31,5
"871","Ih5",-21.37,165.47,5
"872","Ih6",-12.5,177.07,5
"873","Ih7",-20.94,167.23,5
"874","Ih8",-17.81,178.32,5
"875","Ih9",-10.73,165.85,5
"876","Ii1",-13.68,-172.41,5
"877","Ii10",-11.74,160.42,5
"878","Ii12",-19.74,-175.07,5
"879","Ii13",-13.28,-176.17,5
"880","Ii14",-13.94,-171.77,5
"881","Ii2",-12.29,168.83,5
"882","Ii3",-10.89,-165.84,5
"883","Ii4",-7.48,178.68,5
"884","Ii5",-5.48,159.7,5
"885","Ii6",-9.2,-171.85,5
"886","Ii7",1.09,154.8,5
"887","Ii8",-14.31,-178.11,5
"888","Ii9",-19.05,-169.86,5
"889","Ij1",-21.93,-157.91,5
"890","Ij10",-9.02,-158.03,5
"891","Ij2",-38.41,176.31,6
"892","Ij3",-8.9,-140.08,5
"893","Ij4",-10.41,-160.98,5
"894","Ij5",-15.94,-142.31,5
"895","Ij6",19.89,-155.83,5
"896","Ij7",-23.12,-134.97,5
"897","Ij8",-17.71,-149.54,5
"898","Ij9",-27.12,-109.36,5
"899","Na1",63,-141,3
"900","Na10",60.72,-146.49,7
"901","Na11",63.34,-170.3,7
"902","Na12",68,-152,3
"903","Na13",65.24,-64.63,7
"904","Na14",78,-70,7
"905","Na15",63,-117,7
"906","Na16",65,-119,7
"907","Na17",61,-120,7
"908","Na19",54,-124,1
"909","Na2",71,-157,7
"910","Na20",66,-135,7
"911","Na21",63,-96,7
"912","Na22",70,-82,7
"913","Na23",58,-65,7
"914","Na24",66,-37,7
"915","Na25",68.66,-51.22,7
"916","Na26",62,-144,7
"917","Na27",58,-131,7
"918","Na28",56,-123,7
"919","Na29",58,-117,1
"920","Na3",69,-110,7
"921","Na30",60,-105,7
"922","Na31",51,-85,1
"923","Na32",48,-72,3
"924","Na33",52,-98,1
"925","Na34",52,-94,1
"926","Na35",50,-88,1
"927","Na36",49,-96,7
"928","Na37",49,-92,1
"929","Na38",46,-92,7
"930","Na39",46,-85,7
"931","Na4",59,-128,7
"932","Na40",46,-82,6
"933","Na41",47,-65,7
"934","Na42",44,-85,6
"935","Na43",69,-96,7
"936","Na44",62,-76,7
"937","Na45",51.75,-72.66,7
"938","Na5",58,-70,3
"939","Na6",60,-166,7
"940","Na7",53,-83,7
"941","Na8",62,-160,7
"942","Na9",53.86,-166.79,7
"943","Nb1",54,-132,7
"944","Nb10",53,-126,7
"945","Nb11",49.16,-125.85,7
"946","Nb12",51,-125,7
"947","Nb13",50,-123,7
"948","Nb14",49.72,-124.97,7
"949","Nb15",48.84,-123.27,7
"950","Nb16",48,-123,7
"951","Nb17",47,-122,7
"952","Nb18",47.91,-124.59,7
"953","Nb19",45.99,-123.77,7
"954","Nb2",48,-123,7
"955","Nb20",44.75,-123.72,7
"956","Nb21",43,-124,7
"957","Nb22",58.12,-133.92,7
"958","Nb23",52,-128,7
"959","Nb24",48.33,-124.62,7
"960","Nb25",47.42,-124.16,7
"961","Nb26",49.01,-122.73,7
"962","Nb27",49,-122,7
"963","Nb28",44,-124,7
"964","Nb29",44,-124,7
"965","Nb3",51,-127.49,7
"966","Nb30",42,-123,1
"967","Nb31",42,-124,7
"968","Nb32",41,-122,1
"969","Nb33",41,-123,1
"970","Nb34",42,-123,7
"971","Nb35",41,-123,7
"972","Nb36",39.81,-123.55,7
"973","Nb37",40,-123,7
"974","Nb38",40.35,-123.47,1
"975","Nb39",39.73,-123.6,1
"976","Nb4",41,-124,7
"977","Nb5",60.34,-144.85,7
"978","Nb6",42,-124,7
"979","Nb7",54.64,-130.25,7
"980","Nb8",54,-129,7
"981","Nb9",52,-127,7
"982","Nc1",39,-122,1
"983","Nc10",41,-121,1
"984","Nc11",41,-122,1
"985","Nc12",40,-121,1
"986","Nc13",39,-121,1
"987","Nc14",41,-122,7
"988","Nc15",39.34,-123.77,7
"989","Nc16",39,-123,1
"990","Nc17",39,-123,1
"991","Nc18",39,-123,1
"992","Nc19",38.55,-122.94,1
"993","Nc2",39,-118,1
"994","Nc20",38.22,-122.56,1
"995","Nc21",38.75,-123.2,1
"996","Nc22",39,-122,1
"997","Nc23",37,-119,1
"998","Nc24",36,-120,1
"999","Nc25",36,-119,1
"1000","Nc26",36,-121,1
"1001","Nc27",35,-118,1
"1002","Nc28",34.44,-119.71,7
"1003","Nc29",34,-118,7
"1004","Nc3",36,-120,1
"1005","Nc30",34,-117,1
"1006","Nc31",33,-116,1
"1007","Nc32",33,-117,1
"1008","Nc33",33,-117,1
"1009","Nc34",31,-115,1
"1010","Nc4",41,-121,1
"1011","Nc5",38,-120,1
"1012","Nc6",32,-116,1
"1013","Nc7",40,-123,1
"1014","Nc8",43,-122,7
"1015","Nc9",42,-122,1
"1016","Nd1",45,-121,7
"1017","Nd10",50,-122,7
"1018","Nd11",51,-120,7
"1019","Nd12",46,-113,1
"1020","Nd13",49,-117,1
"1021","Nd14",48,-117,1
"1022","Nd15",49,-120,7
"1023","Nd16",48,-121,7
"1024","Nd17",46,-122,7
"1025","Nd18",46,-121,7
"1026","Nd19",46,-119,7
"1027","Nd2",38,-109,1
"1028","Nd20",45,-115,7
"1029","Nd21",43,-117,1
"1030","Nd22",43,-119,1
"1031","Nd23",42,-118,1
"1032","Nd24",42,-120,1
"1033","Nd25",41,-118,1
"1034","Nd26",41,-120,1
"1035","Nd27",40,-119,1
"1036","Nd28",40,-118,1
"1037","Nd29",37,-118,1
"1038","Nd3",36,-112,6
"1039","Nd30",37,-118,1
"1040","Nd31",36,-118,1
"1041","Nd32",36,-117,1
"1042","Nd33",37,-116,1
"1043","Nd34",37,-117,1
"1044","Nd35",39,-117,1
"1045","Nd36",39,-117,1
"1046","Nd37",39,-116,1
"1047","Nd38",39,-115,1
"1048","Nd39",40,-115,1
"1049","Nd4",48,-119,7
"1050","Nd40",40,-113,1
"1051","Nd41",41,-116,1
"1052","Nd42",41,-116,1
"1053","Nd43",41,-117,1
"1054","Nd44",42,-115,7
"1055","Nd45",43,-112,1
"1056","Nd46",44,-112,7
"1057","Nd47",44,-111,1
"1058","Nd48",40,-114,1
"1059","Nd49",37,-110,1
"1060","Nd5",42,-112,1
"1061","Nd50",38,-112,1
"1062","Nd51",36,-115,1
"1063","Nd52",36,-117,1
"1064","Nd53",36,-113,1
"1065","Nd54",35,-115,1
"1066","Nd55",36,-115,1
"1067","Nd56",36,-111,1
"1068","Nd57",39,-113,1
"1069","Nd58",40,-112,1
"1070","Nd59",39,-112,1
"1071","Nd6",39,-120,1
"1072","Nd60",37,-105,1
"1073","Nd61",40,-105,1
"1074","Nd62",39,-107,1
"1075","Nd63",43,-112,1
"1076","Nd64",43,-109,1
"1077","Nd65",36,-114,1
"1078","Nd66",35,-112,1
"1079","Nd67",34,-114,1
"1080","Nd7",50,-117,7
"1081","Nd8",52,-122,7
"1082","Nd9",50.02,-124.78,7
"1083","Ne1",48.78,-108.98,3
"1084","Ne10",46,-101,6
"1085","Ne11",48,-106,3
"1086","Ne12",51,-112,3
"1087","Ne13",51,-115,3
"1088","Ne14",51,-100,3
"1089","Ne15",47,-101,4
"1090","Ne16",29,-96,7
"1091","Ne17",36,-99,3
"1092","Ne18",49,-115,3
"1093","Ne19",45,-94,3
"1094","Ne2",36,-99,3
"1095","Ne20",45,-94,3
"1096","Ne21",29,-99,1
"1097","Ne3",33,-100,3
"1098","Ne4",45,-108,3
"1099","Ne5",39,-104,3
"1100","Ne6",47,-101,6
"1101","Ne7",54,-110,3
"1102","Ne8",43,-103,3
"1103","Ne9",40,-103,3
"1104","Nf10",41,-95,6
"1105","Nf11",40,-95,6
"1106","Nf12",43,-99,6
"1107","Nf13",37,-85,6
"1108","Nf14",33,-93,6
"1109","Nf15",43,-90,6
"1110","Nf2",44,-88,6
"1111","Nf3",41,-96,6
"1112","Nf4",40,-86,6
"1113","Nf5",34,-98,6
"1114","Nf6",42,-100,6
"1115","Nf7",45,-95,6
"1116","Nf8",31,-95,4
"1117","Nf9",46,-88,6
"1118","Ng1",44,-78,5
"1119","Ng10",43,-77,6
"1120","Ng11",35,-86,5
"1121","Ng12",33,-88,6
"1122","Ng13",46,-70,6
"1123","Ng14",35,-85,4
"1124","Ng15",30,-90,6
"1125","Ng3",33,-84,6
"1126","Ng4",45,-68,1
"1127","Ng5",36,-83,6
"1128","Ng6",41,-75,6
"1129","Ng7",32,-91,6
"1130","Ng8",27,-82,6
"1131","Ng9",35,-80,4
"1132","Nh1",31,-108,1
"1133","Nh10",35,-107,4
"1134","Nh11",36,-106,4
"1135","Nh12",35,-107,4
"1136","Nh13",35,-108,4
"1137","Nh14",35,-107,4
"1138","Nh15",33,-103,1
"1139","Nh16",36,-104,6
"1140","Nh17",34,-110,6
"1141","Nh18",36,-111,4
"1142","Nh19",32,-115,6
"1143","Nh2",36,-111,4
"1144","Nh20",33,-115,6
"1145","Nh21",35,-114,6
"1146","Nh22",33,-114,5
"1147","Nh23",34,-111,1
"1148","Nh24",30,-100,1
"1149","Nh25",36,-107,4
"1150","Nh26",36,-106,4
"1151","Nh27",36,-105,4
"1152","Nh3",37,-110,4
"1153","Nh4",35,-109,4
"1154","Nh5",33,-113,6
"1155","Nh6",37,-106,4
"1156","Nh7",36,-106,4
"1157","Nh8",36,-107,4
"1158","Nh9",36,-106,4
"1159","Ni1",28,-107,4
"1160","Ni2",31,-112,6
"1161","Ni3",23,-104,4
"1162","Ni4",29,-112,7
"1163","Ni5",22,-100,1
"1164","Ni6",31,-111,6
"1165","Ni7",28,-110,4
"1166","Ni8",30,-110,6
"1167","Ni9",27,-107,4
"1168","Nj1",18,-96,4
"1169","Nj10",17,-96,4
"1170","Nj11",22,-99,4
"1171","Nj12",18,-98,4
"1172","Nj13",20,-99,4
"1173","Nj14",16,-96,4
"1174","Nj2",19,-99,4
"1175","Nj3",18,-95,4
"1176","Nj4",20,-97,4
"1177","Nj5",18,-97,4
"1178","Nj6",16.22,-95.02,5
"1179","Nj7",17,-95,4
"1180","Nj8",19,-101,5
"1181","Nj9",19,-98,4
"1182","Sa1",9,-78,5
"1183","Sa10",17,-92,6
"1184","Sa11",14,-91,4
"1185","Sa12",14,-88,4
"1186","Sa13",15,-91,4
"1187","Sa14",8,-81,5
"1188","Sa15",14,-90,4
"1189","Sa16",15,-87,5
"1190","Sa17",15,-91,4
"1191","Sa2",17,-92,4
"1192","Sa3",14,-89,4
"1193","Sa4",8,-78,4
"1194","Sa5",9,-83,5
"1195","Sa6",18,-90,5
"1196","Sa7",16,-89,5
"1197","Sa8",15,-92,4
"1198","Sa9",13,-85,6
"1199","Sb1",15.41,-61.27,5
"1200","Sb2",11,-74,4
"1201","Sb3",9,-72,6
"1202","Sb4",9,-64,4
"1203","Sb5",11,-72,7
"1204","Sb6",12,-72,2
"1205","Sb7",9,-72,6
"1206","Sb8",19.94,-75.37,5
"1207","Sb9",18.41,-72.17,4
"1208","Sc1",9,-62,1
"1209","Sc10",5.95,-56.98,5
"1210","Sc11",6,-63,6
"1211","Sc12",4,-59,6
"1212","Sc13",6,-66,6
"1213","Sc14",3,-55,6
"1214","Sc15",4,-62,5
"1215","Sc16",3,-65,6
"1216","Sc17",6,-68,6
"1217","Sc18",5,-54,4
"1218","Sc2",7,-68,6
"1219","Sc3",5,-59,6
"1220","Sc4",5,-69,6
"1221","Sc5",3,-60,6
"1222","Sc6",4,-56,6
"1223","Sc7",5,-66,6
"1224","Sc8",5,-67,1
"1225","Sc9",5,-67,6
"1226","Sd1",-6,-58,6
"1227","Sd2",-11,-52,5
"1228","Sd3",3,-52,6
"1229","Sd4",2,-65,7
"1230","Sd5",-4,-57,4
"1231","Sd6",4,-63,1
"1232","Sd7",1,-59,6
"1233","Sd8",4,-66,6
"1234","Sd9",2,-65,4
"1235","Se1",-16,-64,1
"1236","Se10",1,-79,5
"1237","Se11",-12,-67,6
"1238","Se12",0,-70,6
"1239","Se2",-3,-70,5
"1240","Se3",-3,-78,4
"1241","Se4",-3,-72,6
"1242","Se5",1,-71,5
"1243","Se6",-1,-74,6
"1244","Se7",-18,-63,4
"1245","Se8",-10,-72,6
"1246","Se9",-9,-74,5
"1247","Sf1",-13,-72,4
"1248","Sf2",-16,-69,4
"1249","Sf3",1,-79,5
"1250","Sf4",7,-72,5
"1251","Sf5",3,-76,4
"1252","Sf6",5,-72,4
"1253","Sf7",-8,-75,6
"1254","Sf8",-12,-73,5
"1255","Sf9",-16,-69,7
"1256","Sg1",-55.02,-68.98,7
"1257","Sg2",-39,-68,4
"1258","Sg3",-54,-69,7
"1259","Sg4",-46,-70,3
"1260","Sg5",-52,-74,7
"1261","Sh1",-24,-63,7
"1262","Sh2",-21,-58,5
"1263","Sh3",-29,-61,3
"1264","Sh4",-22,-57,6
"1265","Sh5",-22,-62,1
"1266","Sh6",-20,-59,1
"1267","Sh7",-20,-63,5
"1268","Sh8",-25,-60,6
"1269","Sh9",-23,-59,1
"1270","Si1",-16,-55,1
"1271","Si10",-13,-54,5
"1272","Si2",-12,-53,5
"1273","Si3",-14,-55,6
"1274","Si4",-12,-59,1
"1275","Si5",-12,-54,5
"1276","Si6",-19,-58,6
"1277","Si7",-15,-58,6
"1278","Si8",-15,-57,6
"1279","Si9",-12,-54,6
"1280","Sj1",-12,-50,7
"1281","Sj10",-26,-54,6
"1282","Sj11",-14,-52,1
"1283","Sj2",-9,-48,6
"1284","Sj3",-28,-50,1
"1285","Sj4",-7,-45,6
"1286","Sj5",-18,-42,1
"1287","Sj6",-3,-46,4
"1288","Sj7",-6,-49,6
"1289","Sj8",-8,-35,6
"1290","Sj9",-8,-52,4
